filename,num_stomata,scores,areas
test,4,[0.99998164 0.9999404  0.9999244  0.9998043 ],"[48808, 45874, 49452, 51036]"
